{
  "weights": {
    "base": 0.15000000000000002,
    "market": 0.7000000000000001,
    "xgb": 0.0,
    "mlp": 0.25
  },
  "late_val_logloss": 0.9596793897885965
}