{
  "england": {
    "K": 70,
    "ha": 110,
    "beta": 0.13,
    "decay": 0.0005,
    "rho": 0.11999999999999983,
    "T": 2.06993949941576
  },
  "spain": {
    "K": 40,
    "ha": 60,
    "beta": 0.1,
    "decay": 0.001,
    "rho": -0.16000000000000003,
    "T": 2.0458279809923483
  },
  "italy": {
    "K": 70,
    "ha": 110,
    "beta": 0.13,
    "decay": 0.0005,
    "rho": -0.16000000000000003,
    "T": 2.1662994321755877
  },
  "germany": {
    "K": 70,
    "ha": 60,
    "beta": 0.12,
    "decay": 0.0005,
    "rho": -0.04000000000000009,
    "T": 2.2690013575165446
  },
  "france": {
    "K": 70,
    "ha": 60,
    "beta": 0.12,
    "decay": 0.0005,
    "rho": -1.1102230246251565e-16,
    "T": 2.3006966492883443
  }
}