{
  "weights": {
    "base": 0.2,
    "market": 0.8500000000000001,
    "xgb": 0.0,
    "mlp": 0.45
  },
  "late_val_logloss": 0.9589236664605892
}