{
  "hidden_layer_sizes": [
    64,
    128
  ],
  "alpha": 0.007455212538558343,
  "learning_rate_init": 0.0011526124674068568,
  "late_val_logloss": 0.9673806038713778,
  "temperature": 2.0213109335585444
}