{
  "weights": {
    "base": 0.0,
    "market": 0.05,
    "xgb": 0.0,
    "mlp": 0.0
  },
  "late_val_logloss": 0.9609650874977137,
  "mlp_allowed": false,
  "mlp_gate": {
    "late_mlp_logloss": 0.9741203017856326,
    "late_market_logloss": 0.9609650874977137,
    "margin_required": 0.002
  }
}