{
  "hidden_layer_sizes": [
    64
  ],
  "alpha": 4.511782052901552e-05,
  "learning_rate_init": 0.0041596126652569945,
  "late_val_logloss": 0.9680717626670285,
  "temperature": 2.062094176721268
}