{
  "learning_rate": 0.00877767683018055,
  "max_depth": 2,
  "n_estimators": 295,
  "late_val_logloss": 0.9814412098362668
}