{
  "learning_rate": 0.01838145528717699,
  "max_depth": 2,
  "n_estimators": 179,
  "late_val_logloss": 0.9815584726817829
}